1330,137256_11_20080202,137256,116.3497334,39.9242454,116.3497946,39.9234335,11,20080202,90.2995233,2/2/2008 13:40,1.973
1330,16807_11_20080202,16807,116.3501012,39.9183836,116.3503717,39.9145814,11,20080202,422.8027764,2/2/2008 13:40,9.237
1330,21869_11_20080202,21869,116.3468153,39.9125147,116.3488439,39.9124721,11,20080202,173.5153818,2/2/2008 13:40,3.791
1545,94859_11_20080202,94859,116.3322942,39.9018503,116.3329635,39.9018407,11,20080202,57.24578236,2/2/2008 15:59,0.967
1545,94850_11_20080202,94850,116.3296296,39.9026934,116.3299017,39.9024629,11,20080202,34.58951582,2/2/2008 15:59,0.584
1545,90617_11_20080202,90617,116.3183002,39.9061832,116.3154704,39.906214,11,20080202,242.0020235,2/2/2008 15:59,4.087
1545,121915_11_20080202,121915,116.3107057,39.9061319,116.3149469,39.9060823,11,20080202,362.709796,2/2/2008 15:59,6.125
1545,334283_11_20080202,334283,116.2946874,39.9064724,116.2924461,39.9064844,11,20080202,191.6587304,2/2/2008 15:59,3.237
1600,334284_11_20080202,334284,116.2924461,39.9064844,116.2906107,39.9064942,11,20080202,156.94924,2/2/2008 16:14,2.116
1600,14962_11_20080202,14962,116.2795239,39.8989712,116.2774469,39.8989603,11,20080202,177.6282872,2/2/2008 16:14,2.395
1600,181634_11_20080202,181634,116.2774469,39.8989603,116.2774524,39.9059656,11,20080202,777.8179272,2/2/2008 16:14,10.488
1615,14965_11_20080202,14965,116.2727517,39.8989625,116.268364,39.8989659,11,20080202,375.2344521,2/2/2008 16:29,5.011
1615,111059_11_20080202,111059,116.2627327,39.9062739,116.2586352,39.9062653,11,20080202,350.3805696,2/2/2008 16:29,4.679
1615,334305_11_20080202,334305,116.2586352,39.9064322,116.2539855,39.906429,11,20080202,397.5973939,2/2/2008 16:29,5.31
1630,334305_11_20080202,334305,116.2586352,39.9064322,116.2539855,39.906429,11,20080202,397.5973939,2/2/2008 16:44,3.151
1630,111064_11_20080202,111064,116.2683436,39.9061403,116.2749855,39.9061399,11,20080202,567.9532524,2/2/2008 16:44,4.5
1630,111830_11_20080202,111830,116.2890929,39.8998411,116.2891023,39.9011887,11,20080202,149.6298546,2/2/2008 16:44,1.186
1630,181634_11_20080202,181634,116.2774469,39.8989603,116.2774524,39.9059656,11,20080202,777.8179272,2/2/2008 16:44,6.163
1645,181634_11_20080202,181634,116.2774469,39.8989603,116.2774524,39.9059656,11,20080202,777.8179272,2/2/2008 16:59,8.97
1645,111284_11_20080202,111284,116.2665097,39.8954053,116.2667389,39.8953158,11,20080202,21.97715179,2/2/2008 16:59,0.253
1645,111259_11_20080202,111259,116.2677703,39.8942014,116.2679107,39.8935038,11,20080202,78.38157494,2/2/2008 16:59,0.904
1645,11908_11_20080202,11908,116.2775403,39.8507429,116.277426,39.852438,11,20080202,188.4639843,2/2/2008 16:59,2.173
1645,130631_11_20080202,130631,116.2894961,39.8406689,116.2920882,39.8413411,11,20080202,234.079402,2/2/2008 16:59,2.699
1700,24473_11_20080202,24473,116.3012377,39.8437201,116.3024823,39.8449195,11,20080202,170.5332211,2/2/2008 17:14,15
1715,302221_11_20080202,302221,116.3027796,39.8375453,116.3026931,39.836173,11,20080202,152.5483147,2/2/2008 17:29,2.831
1715,24465_11_20080202,24465,116.3008429,39.8386522,116.3027796,39.8375453,11,20080202,206.3614019,2/2/2008 17:29,3.83
1715,130610_11_20080202,130610,116.2849157,39.8421067,116.2874817,39.8430869,11,20080202,245.1099582,2/2/2008 17:29,4.549
1715,204162_11_20080202,204162,116.2768516,39.8564427,116.2770228,39.8546083,11,20080202,204.2030436,2/2/2008 17:29,3.79
1730,99103_11_20080202,99103,116.2772082,39.8586922,116.2774061,39.8604452,11,20080202,195.3742413,2/2/2008 17:40,2.913
1730,7634_11_20080202,7634,116.2687931,39.8945637,116.268949,39.8948739,11,20080202,36.93305658,2/2/2008 17:40,0.551
1730,9173_11_20080202,9173,116.2711926,39.8956795,116.2728526,39.8956485,11,20080202,142.0110319,2/2/2008 17:40,2.117
1730,190767_11_20080202,190767,116.289047,39.8898653,116.2890647,39.8955543,11,20080202,631.6661131,2/2/2008 17:40,9.419
2100,254271_11_20080202,254271,116.3002849,39.8619866,116.3030049,39.86212,11,20080202,233.2088449,2/2/2008 21:10,4.533
2100,95586_11_20080202,95586,116.3052685,39.8740764,116.3055321,39.8735061,11,20080202,67.21748757,2/2/2008 21:10,1.306
2100,28886_11_20080202,28886,116.3047378,39.8852637,116.3046435,39.8854193,11,20080202,19.06682587,2/2/2008 21:10,0.371
2100,57665_11_20080202,57665,116.3292272,39.8958526,116.3318909,39.896004,11,20080202,228.4279459,2/2/2008 21:10,4.44
2100,87094_11_20080202,87094,116.3350399,39.8961693,116.3376527,39.8962835,11,20080202,223.813923,2/2/2008 21:10,4.35
2115,262544_11_20080202,262544,116.3422242,39.897829,116.3422083,39.8980467,11,20080202,24.21002931,2/2/2008 21:26,0.659
2115,57662_11_20080202,57662,116.3240971,39.895658,116.3262654,39.895686,11,20080202,185.4670375,2/2/2008 21:26,5.049
2115,181587_11_20080202,181587,116.2935696,39.8959563,116.2930519,39.8959233,11,20080202,44.42678715,2/2/2008 21:26,1.21
2115,94331_11_20080202,94331,116.2908592,39.8955316,116.29433,39.8955575,11,20080202,296.8500417,2/2/2008 21:26,8.082
830,99484_11_20080203,99484,116.328794,39.9100789,116.3287488,39.9101987,11,20080203,13.85183556,2/3/2008 8:41,0.788
830,94895_11_20080203,94895,116.3432359,39.9170243,116.3403128,39.9170185,11,20080203,249.9174914,2/3/2008 8:41,14.212
900,163454_11_20080203,163454,116.3194456,39.9325105,116.3194554,39.9310974,11,20080203,156.9034239,2/3/2008 9:14,4.413
900,55886_11_20080203,55886,116.3001777,39.9425723,116.2982188,39.9432981,11,20080203,185.803561,2/3/2008 9:14,5.225
900,21331_11_20080203,21331,116.2977459,39.9466398,116.2977967,39.9478967,11,20080203,139.6256641,2/3/2008 9:14,3.927
900,186629_11_20080203,186629,116.2878731,39.9463795,116.2884591,39.9462911,11,20080203,51.03276386,2/3/2008 9:14,1.435
915,302577_11_20080203,302577,116.2904452,39.9239249,116.2905795,39.9237021,11,20080203,27.27257541,2/3/2008 9:29,0.906
915,75964_11_20080203,75964,116.2977904,39.9226119,116.2986042,39.9224764,11,20080203,71.18013443,2/3/2008 9:29,2.364
915,66825_11_20080203,66825,116.3040922,39.9094065,116.3041543,39.9073225,11,20080203,231.4534249,2/3/2008 9:29,7.688
915,21883_11_20080203,21883,116.3400413,39.9039691,116.3400495,39.9050651,11,20080203,121.693967,2/3/2008 9:29,4.042
930,21879_11_20080203,21879,116.3400413,39.9039691,116.3452783,39.9039269,11,20080203,447.8581081,2/3/2008 9:39,10.037
930,208158_11_20080203,208158,116.3329635,39.9018407,116.3355516,39.9017796,11,20080203,221.4280196,2/3/2008 9:39,4.963
945,334261_11_20080203,334261,116.2961229,39.9090258,116.2961289,39.910389,11,20080203,151.3609159,2/3/2008 9:55,2.266
945,121933_11_20080203,121933,116.2868086,39.9061603,116.2888784,39.9061646,11,20080203,176.9905499,2/3/2008 9:55,2.65
945,111515_11_20080203,111515,116.2828116,39.9059633,116.2868114,39.9059578,11,20080203,342.0269747,2/3/2008 9:55,5.12
945,334298_11_20080203,334298,116.2749816,39.9064749,116.2711037,39.9064856,11,20080203,331.6022756,2/3/2008 9:55,4.964
1015,95851_11_20080203,95851,116.3270374,39.9844697,116.3271843,39.9844738,11,20080203,12.5554057,2/3/2008 10:28,0.351
1015,1628_11_20080203,1628,116.3288607,39.9861947,116.3307161,39.9864395,11,20080203,160.7855617,2/3/2008 10:28,4.497
1015,75717_11_20080203,75717,116.330828,39.9914179,116.3319168,39.9914414,11,20080203,93.02505572,2/3/2008 10:28,2.602
1015,22150_11_20080203,22150,116.3341831,39.9914937,116.3342717,39.9895911,11,20080203,211.3896222,2/3/2008 10:28,5.912
1015,108669_11_20080203,108669,116.3372933,39.9917949,116.3379784,39.9918176,11,20080203,58.56458595,2/3/2008 10:28,1.638
1030,186314_11_20080203,186314,116.361533,39.9925045,116.3613392,39.9924986,11,20080203,16.56409903,2/3/2008 10:43,0.463
1030,19868_11_20080203,19868,116.3631915,39.9856582,116.3633341,39.9829946,11,20080203,296.0017409,2/3/2008 10:43,8.272
1030,20700_11_20080203,20700,116.3664463,39.9790303,116.3669367,39.9790392,11,20080203,41.901606,2/3/2008 10:43,1.171
1030,162625_11_20080203,162625,116.3732631,39.9754985,116.3732805,39.9771402,11,20080203,182.2908691,2/3/2008 10:43,5.094
1045,156430_11_20080203,156430,116.3636753,39.9752752,116.3638293,39.975277,11,20080203,13.1569136,2/3/2008 10:58,0.543
1045,98753_11_20080203,98753,116.3511722,39.9665136,116.3507029,39.9665201,11,20080203,40.10139899,2/3/2008 10:58,1.656
1045,73537_11_20080203,73537,116.3481646,39.974764,116.3481608,39.9748022,11,20080203,4.253908175,2/3/2008 10:58,0.176
1045,199640_11_20080203,199640,116.3595101,39.9736138,116.3559317,39.9736842,11,20080203,305.7907279,2/3/2008 10:58,12.625
1100,159499_11_20080203,159499,116.3566766,39.9665888,116.3532553,39.966572,11,20080203,292.3063308,2/3/2008 11:13,3.243
1100,98759_11_20080203,98759,116.3444535,39.9665257,116.343701,39.9665222,11,20080203,64.29141975,2/3/2008 11:13,0.713
1100,7210_11_20080203,7210,116.3136765,39.9652645,116.3102238,39.9639951,11,20080203,326.9340347,2/3/2008 11:13,3.627
1100,136735_11_20080203,136735,116.3033926,39.9531853,116.3032141,39.9552063,11,20080203,224.9170083,2/3/2008 11:13,2.495
1100,76637_11_20080203,76637,116.3040787,39.9396851,116.3041044,39.9363222,11,20080203,373.4008211,2/3/2008 11:13,4.143
1100,163473_11_20080203,163473,116.3038867,39.9239283,116.3038906,39.9232969,11,20080203,70.10713316,2/3/2008 11:13,0.778
1115,148041_11_20080203,148041,116.2788566,39.9229028,116.282224,39.9228356,11,20080203,287.9752272,2/3/2008 11:26,2.743
1115,10813_11_20080203,10813,116.278808,39.9230428,116.2761773,39.9230768,11,20080203,224.9292286,2/3/2008 11:26,2.142
1115,9161_11_20080203,9161,116.2680966,39.9120957,116.2679425,39.9097299,11,20080203,263.0119422,2/3/2008 11:26,2.505
1115,94235_11_20080203,94235,116.2586357,39.9061589,116.2677656,39.9061363,11,20080203,780.7077194,2/3/2008 11:26,7.436
1115,94161_11_20080203,94161,116.2470226,39.9062478,116.2468098,39.9062445,11,20080203,18.20032897,2/3/2008 11:26,0.173
1130,334305_11_20080203,334305,116.2586352,39.9064322,116.2539855,39.906429,11,20080203,397.5973939,2/3/2008 11:41,3.588
1130,66796_11_20080203,66796,116.2609587,39.9059485,116.2677672,39.905941,11,20080203,582.2015756,2/3/2008 11:41,5.253
1130,111502_11_20080203,111502,116.2655866,39.895673,116.2711926,39.8956795,11,20080203,479.446221,2/3/2008 11:41,4.326
1130,111812_11_20080203,111812,116.2705934,39.8765628,116.2709121,39.8747498,11,20080203,203.1394112,2/3/2008 11:41,1.833
1200,17560_11_20080203,17560,116.2960274,39.8959752,116.2960446,39.8997681,11,20080203,421.1383852,2/3/2008 12:12,13.575
1200,28902_11_20080203,28902,116.3021041,39.9071034,116.3022949,39.9072109,11,20080203,20.21520103,2/3/2008 12:12,0.652
1200,173603_11_20080203,173603,116.3017012,39.9069256,116.3015349,39.9067515,11,20080203,23.99785068,2/3/2008 12:12,0.774
1215,76117_11_20080203,76117,116.2632937,39.9230618,116.2614834,39.9232047,11,20080203,155.5729175,2/3/2008 12:27,3.403
1215,181573_11_20080203,181573,116.2586261,39.9231858,116.2587274,39.927812,11,20080203,513.7347871,2/3/2008 12:27,11.237
1215,181574_11_20080203,181574,116.2587274,39.927812,116.2587566,39.9279587,11,20080203,16.47872346,2/3/2008 12:27,0.36
1245,111794_11_20080203,111794,116.267622,39.8926756,116.2676191,39.8896377,11,20080203,337.3058494,2/3/2008 12:57,7.453
1245,7633_11_20080203,7633,116.268532,39.8939038,116.2687931,39.8945637,11,20080203,76.59773828,2/3/2008 12:57,1.693
1245,111420_11_20080203,111420,116.2673595,39.895482,116.2704573,39.895507,11,20080203,264.9504569,2/3/2008 12:57,5.854
1300,14964_11_20080203,14964,116.2773396,39.8989605,116.2727517,39.8989625,11,20080203,392.3553604,2/3/2008 13:07,5.327
1300,14965_11_20080203,14965,116.2727517,39.8989625,116.268364,39.8989659,11,20080203,375.2344521,2/3/2008 13:07,5.094
1300,111794_11_20080203,111794,116.267622,39.8926756,116.2676191,39.8896377,11,20080203,337.3058494,2/3/2008 13:07,4.579
1315,181621_11_20080203,181621,116.2683482,39.9006925,116.2683398,39.9016074,11,20080203,101.5863877,2/3/2008 13:27,2.093
1315,181622_11_20080203,181622,116.2683398,39.9016074,116.2683339,39.9023523,11,20080203,82.709834,2/3/2008 13:27,1.704
1315,72676_11_20080203,72676,116.269145,39.92522,116.268956,39.9241662,11,20080203,118.1170527,2/3/2008 13:27,2.434
1315,111525_11_20080203,111525,116.2693511,39.9266621,116.2693104,39.9276514,11,20080203,109.9002634,2/3/2008 13:27,2.265
1315,128409_11_20080203,128409,116.2784343,39.9560256,116.2747496,39.95583,11,20080203,315.601097,2/3/2008 13:27,6.504
1330,128430_11_20080203,128430,116.2970573,39.9588476,116.2970839,39.9587132,11,20080203,15.09503732,2/3/2008 13:42,0.55
1330,22159_11_20080203,22159,116.2980945,39.9591875,116.2970573,39.9588476,11,20080203,96.32471787,2/3/2008 13:42,3.509
1330,133721_11_20080203,133721,116.3006619,39.9693815,116.3005772,39.9693207,11,20080203,9.896204756,2/3/2008 13:42,0.36
1330,9523_11_20080203,9523,116.3020588,39.9602701,116.3020522,39.9596492,11,20080203,68.94323204,2/3/2008 13:42,2.511
1330,148371_11_20080203,148371,116.3022226,39.9590459,116.3027089,39.9570861,11,20080203,221.5358787,2/3/2008 13:42,8.07
1345,148390_11_20080203,148390,116.3039509,39.9413935,116.303991,39.9377696,11,20080203,402.3887942,2/3/2008 13:57,6.052
1345,148391_11_20080203,148391,116.303991,39.9377696,116.3040101,39.9363333,11,20080203,159.4856611,2/3/2008 13:57,2.399
1345,163472_11_20080203,163472,116.3038857,39.9240782,116.3038867,39.9239283,11,20080203,16.6440921,2/3/2008 13:57,0.25
1345,86262_11_20080203,86262,116.3041072,39.9131789,116.3040997,39.9113011,11,20080203,208.4986532,2/3/2008 13:57,3.136
1345,86263_11_20080203,86263,116.3040997,39.9113011,116.3040922,39.9094065,11,20080203,210.3639294,2/3/2008 13:57,3.164
1400,173416_11_20080203,173416,116.306755,39.9051967,116.3069496,39.9054112,11,20080203,29.05402375,2/3/2008 14:02,4.959
1400,173410_11_20080203,173410,116.3069496,39.9054112,116.3073203,39.9058575,11,20080203,58.82535595,2/3/2008 14:02,10.041
1545,99479_11_20080203,99479,116.3317056,39.9012499,116.3342217,39.9012089,11,20080203,215.2168828,2/3/2008 15:48,12.948
1545,99473_11_20080203,99473,116.329405,39.9020155,116.3297089,39.9018166,11,20080203,34.10443225,2/3/2008 15:48,2.052
1615,52368_11_20080203,52368,116.3259657,39.9013226,116.3229175,39.9013024,11,20080203,260.6815353,2/3/2008 16:27,4.896
1615,590_11_20080203,590,116.3229534,39.8997817,116.3229175,39.9013024,11,20080203,168.8753687,2/3/2008 16:27,3.172
1615,87104_11_20080203,87104,116.310109,39.8960391,116.3087308,39.896007,11,20080203,117.9219988,2/3/2008 16:27,2.215
1615,181613_11_20080203,181613,116.2939976,39.8958029,116.2910609,39.8958104,11,20080203,251.1582578,2/3/2008 16:27,4.717
1630,94331_11_20080203,94331,116.2908592,39.8955316,116.29433,39.8955575,11,20080203,296.8500417,2/3/2008 16:44,10.581
1630,159785_11_20080203,159785,116.3040124,39.8925564,116.3040308,39.8914401,11,20080203,123.9556344,2/3/2008 16:44,4.419
1645,152439_11_20080203,152439,116.3042103,39.8876119,116.3042288,39.8862238,11,20080203,154.132281,2/3/2008 16:58,4.142
1645,9441_11_20080203,9441,116.3034508,39.8664554,116.3034809,39.8661606,11,20080203,32.8334097,2/3/2008 16:58,0.882
1645,81665_11_20080203,81665,116.3036689,39.8588157,116.3030255,39.8619994,11,20080203,357.7538951,2/3/2008 16:58,9.613
1645,81666_11_20080203,81666,116.3030255,39.8619994,116.3030049,39.86212,11,20080203,13.50597075,2/3/2008 16:58,0.363
2215,254249_11_20080203,254249,116.3048562,39.862308,116.3047298,39.8624506,11,20080203,19.17449927,2/3/2008 22:26,8.219
2215,144962_11_20080203,144962,116.3068719,39.8657986,116.3070564,39.8657894,11,20080203,15.81898257,2/3/2008 22:26,6.781
2230,112290_11_20080203,112290,116.3041626,39.9050633,116.3041535,39.9024735,11,20080203,287.5537565,2/3/2008 22:41,7.247
2230,28900_11_20080203,28900,116.3024659,39.9050573,116.3041626,39.9050633,11,20080203,145.0897435,2/3/2008 22:41,3.656
2230,99462_11_20080203,99462,116.3355516,39.9017796,116.3365204,39.9017785,11,20080203,82.84806949,2/3/2008 22:41,2.088
2230,22301_11_20080203,22301,116.3421744,39.8982241,116.3412421,39.8982223,11,20080203,79.73101387,2/3/2008 22:41,2.009
2245,94861_11_20080203,94861,116.3369536,39.8965093,116.3369895,39.8961104,11,20080203,44.39720844,2/3/2008 22:53,0.824
2245,87147_11_20080203,87147,116.3369536,39.8965093,116.336336,39.8964873,11,20080203,52.87523997,2/3/2008 22:53,0.982
2245,9178_11_20080203,9178,116.2910536,39.8956869,116.2958899,39.8956728,11,20080203,413.6210524,2/3/2008 22:53,7.68
2245,96109_11_20080203,96109,116.2898396,39.8959421,116.2898388,39.89553,11,20080203,45.7565978,2/3/2008 22:53,0.85
2245,181613_11_20080203,181613,116.2939976,39.8958029,116.2910609,39.8958104,11,20080203,251.1582578,2/3/2008 22:53,4.664
2330,28865_11_20080203,28865,116.3045702,39.8992694,116.3045748,39.900316,11,20080203,116.2074975,2/3/2008 23:41,6.024
2330,173529_11_20080203,173529,116.3045808,39.9046481,116.3052913,39.9047298,11,20080203,61.43008259,2/3/2008 23:41,3.184
2330,80883_11_20080203,80883,116.3227968,39.9012597,116.3228208,39.9002537,11,20080203,111.7177767,2/3/2008 23:41,5.791
1030,52274_11_20080204,52274,116.32865,39.9016841,116.329405,39.9020155,11,20080204,74.31385147,2/4/2008 10:31,10.282
1030,99473_11_20080204,99473,116.329405,39.9020155,116.3297089,39.9018166,11,20080204,34.10443225,2/4/2008 10:31,4.718
1045,23900_11_20080204,23900,116.3465876,39.9000172,116.3465013,39.9017495,11,20080204,192.4835296,2/4/2008 10:59,6.068
1045,99386_11_20080204,99386,116.3467035,39.8971022,116.3466369,39.8988754,11,20080204,196.9655036,2/4/2008 10:59,6.209
1045,121841_11_20080204,121841,116.3516227,39.8949005,116.3506216,39.8947967,11,20080204,86.39099596,2/4/2008 10:59,2.723
1100,188292_11_20080204,188292,116.3363841,39.8887367,116.3364178,39.890873,11,20080204,237.2162756,2/4/2008 11:12,8.728
1100,22642_11_20080204,22642,116.335754,39.8796333,116.3357915,39.8780984,11,20080204,170.4536747,2/4/2008 11:12,6.272
1130,20883_11_20080204,20883,116.3704081,39.8492361,116.3704384,39.849984,11,20080204,83.08111833,2/4/2008 11:42,1.346
1130,63161_11_20080204,63161,116.3704081,39.8492361,116.3741692,39.8491981,11,20080204,321.9077985,2/4/2008 11:42,5.215
1130,20894_11_20080204,20894,116.3728234,39.8387849,116.3752648,39.838799,11,20080204,208.9758584,2/4/2008 11:42,3.385
1130,131221_11_20080204,131221,116.3804946,39.8406066,116.3803005,39.8434121,11,20080204,311.9418437,2/4/2008 11:42,5.054
1145,87039_11_20080204,87039,116.3956148,39.8701512,116.3967327,39.8703037,11,20080204,97.12954172,2/4/2008 11:57,10.148
1145,20962_11_20080204,20962,116.3980972,39.8864759,116.3986285,39.8865618,11,20080204,46.43484365,2/4/2008 11:57,4.852
1215,110543_11_20080204,110543,116.3786572,39.8882427,116.3784669,39.8882467,11,20080204,16.28296963,2/4/2008 12:27,0.907
1215,88211_11_20080204,88211,116.3499871,39.8882203,116.3470336,39.8883347,11,20080204,252.9404474,2/4/2008 12:27,14.093
1230,99382_11_20080204,99382,116.3363077,39.8960874,116.3369895,39.8961104,11,20080204,58.36557375,2/4/2008 12:44,3.141
1230,94906_11_20080204,94906,116.3190247,39.8958352,116.3175965,39.8958447,11,20080204,122.1491652,2/4/2008 12:44,6.574
1230,94904_11_20080204,94904,116.3165096,39.8959646,116.3153616,39.8959717,11,20080204,98.1839182,2/4/2008 12:44,5.284
1245,112292_11_20080204,112292,116.3107056,39.9059949,116.3106984,39.8992348,11,20080204,750.5928248,2/4/2008 12:59,10.911
1245,28912_11_20080204,28912,116.3005892,39.9066568,116.3005896,39.9065263,11,20080204,14.48982574,2/4/2008 12:59,0.211
1245,70404_11_20080204,70404,116.2819374,39.9088696,116.2820133,39.9064678,11,20080204,266.7576823,2/4/2008 12:59,3.878
1300,121945_11_20080204,121945,116.2891125,39.9061649,116.289111,39.9062841,11,20080204,13.23573497,2/4/2008 13:14,0.825
1300,66780_11_20080204,66780,116.3044215,39.906118,116.3056205,39.9061194,11,20080204,102.5274307,2/4/2008 13:14,6.389
1300,131542_11_20080204,131542,116.3153547,39.8973057,116.315355,39.898431,11,20080204,124.9450668,2/4/2008 13:14,7.786
1315,335342_11_20080204,335342,116.3150816,39.8966219,116.3150879,39.8963734,11,20080204,27.59687216,2/4/2008 13:25,1.454
1315,10962_11_20080204,10962,116.3150712,39.9062164,116.3150804,39.9060814,11,20080204,15.01006197,2/4/2008 13:25,0.791
1315,90617_11_20080204,90617,116.3183002,39.9061832,116.3154704,39.906214,11,20080204,242.0020235,2/4/2008 13:25,12.754
1500,208158_11_20080204,208158,116.3329635,39.9018407,116.3355516,39.9017796,11,20080204,221.4280196,2/4/2008 15:05,6.808
1500,80867_11_20080204,80867,116.3153704,39.9071031,116.3153927,39.9095028,11,20080204,266.4524034,2/4/2008 15:05,8.192
1515,277768_11_20080204,277768,116.299401,39.8813252,116.2995779,39.8810699,11,20080204,32.13276383,2/4/2008 15:25,1.425
1515,24736_11_20080204,24736,116.296711,39.8833452,116.293132,39.8833625,11,20080204,306.1500397,2/4/2008 15:25,13.575
1530,111864_11_20080204,111864,116.2889477,39.884497,116.2889371,39.8786273,11,20080204,651.727259,2/4/2008 15:41,12.799
1530,130560_11_20080204,130560,116.2880918,39.8650137,116.2867865,39.8649319,11,20080204,112.0525348,2/4/2008 15:41,2.201
1545,144983_11_20080204,144983,116.2829525,39.8604575,116.2844209,39.8604689,11,20080204,125.6535731,2/4/2008 15:51,5.202
1545,11915_11_20080204,11915,116.277207,39.8602045,116.2773205,39.8614703,11,20080204,140.8794048,2/4/2008 15:51,5.833
1545,90111_11_20080204,90111,116.2711498,39.8773863,116.2707346,39.8781873,11,20080204,95.76711389,2/4/2008 15:51,3.965
1615,86271_11_20080204,86271,116.3040028,39.9448545,116.3039933,39.9451491,11,20080204,32.72056562,2/4/2008 16:26,1.826
1615,113766_11_20080204,113766,116.3291903,39.9562843,116.3289573,39.9584022,11,20080204,235.9997881,2/4/2008 16:26,13.174
1630,163467_11_20080204,163467,116.3038489,39.9268018,116.3038776,39.9252663,11,20080204,170.5091483,2/4/2008 16:42,13.027
1630,163964_11_20080204,163964,116.3019296,39.9228519,116.3019349,39.9226193,11,20080204,25.83028449,2/4/2008 16:42,1.973
1645,334261_11_20080204,334261,116.2961229,39.9090258,116.2961289,39.910389,11,20080204,151.3609159,2/4/2008 16:57,6.899
1645,334288_11_20080204,334288,116.2888828,39.9065015,116.2868043,39.9064811,11,20080204,177.7474314,2/4/2008 16:57,8.101
1715,111176_11_20080204,111176,116.2677656,39.9061363,116.2677672,39.905941,11,20080204,21.68514281,2/4/2008 17:22,1.453
1715,111507_11_20080204,111507,116.2683467,39.9059433,116.2707114,39.9059504,11,20080204,202.2091619,2/4/2008 17:22,13.547
2030,190760_11_20080204,190760,116.2883148,39.867565,116.2880918,39.8650137,11,20080204,283.9179374,2/4/2008 20:41,9.038
2030,333918_11_20080204,333918,116.2890332,39.8736085,116.2910445,39.874274,11,20080204,187.2630257,2/4/2008 20:41,5.962
2045,190765_11_20080204,190765,116.2890579,39.8854664,116.28905,39.8883082,11,20080204,315.5327674,2/4/2008 20:49,8.352
2045,181613_11_20080204,181613,116.2939976,39.8958029,116.2910609,39.8958104,11,20080204,251.1582578,2/4/2008 20:49,6.648
2315,188281_11_20080204,188281,116.3359662,39.8995424,116.3359514,39.8992914,11,20080204,27.89793323,2/4/2008 23:27,2.176
2315,88194_11_20080204,88194,116.3361294,39.8979628,116.3362072,39.8964831,11,20080204,164.429696,2/4/2008 23:27,12.824
2330,94906_11_20080204,94906,116.3190247,39.8958352,116.3175965,39.8958447,11,20080204,122.1491652,2/4/2008 23:42,1.779
2330,125207_11_20080204,125207,116.3106949,39.895954,116.3082255,39.8959155,11,20080204,211.2346087,2/4/2008 23:42,3.077
2330,17560_11_20080204,17560,116.2960274,39.8959752,116.2960446,39.8997681,11,20080204,421.1383852,2/4/2008 23:42,6.134
2330,80882_11_20080204,80882,116.3227718,39.9037387,116.3227968,39.9012597,11,20080204,275.258513,2/4/2008 23:42,4.009
1030,52367_11_20080205,52367,116.3283231,39.9013222,116.3259657,39.9013226,11,20080205,201.5969529,2/5/2008 10:40,7.598
1030,592_11_20080205,592,116.3228915,39.9042679,116.3229014,39.9058958,11,20080205,180.7522924,2/5/2008 10:40,6.812
1030,156365_11_20080205,156365,116.3262444,39.9057802,116.3264276,39.9057796,11,20080205,15.66577655,2/5/2008 10:40,0.59
1045,145906_11_20080205,145906,116.3389622,39.9126122,116.3389935,39.911772,11,20080205,93.32826008,2/5/2008 10:58,5.822
1045,94896_11_20080205,94896,116.3403128,39.9170185,116.3388295,39.9170486,11,20080205,126.8619013,2/5/2008 10:58,7.914
1045,156366_11_20080205,156366,116.3291846,39.9076106,116.3291906,39.9074282,11,20080205,20.25889041,2/5/2008 10:58,1.264
1115,153081_11_20080205,153081,116.3204529,39.8816259,116.3204244,39.8830229,11,20080205,155.1313806,2/5/2008 11:28,4.356
1115,153039_11_20080205,153039,116.3281812,39.8759224,116.3262638,39.8758805,11,20080205,164.0961579,2/5/2008 11:28,4.608
1115,7496_11_20080205,7496,116.3348258,39.8688971,116.3348803,39.8669614,11,20080205,214.9754035,2/5/2008 11:28,6.036
1130,279324_11_20080205,279324,116.3230689,39.8782522,116.3206079,39.8784523,11,20080205,211.6958265,2/5/2008 11:39,8.241
1130,279331_11_20080205,279331,116.3204527,39.8767318,116.3184632,39.8764216,11,20080205,173.6465762,2/5/2008 11:39,6.759
1145,281723_11_20080205,281723,116.3188706,39.8749966,116.3205081,39.8756954,11,20080205,160.1383657,2/5/2008 11:59,6.519
1145,146708_11_20080205,146708,116.3203209,39.8867396,116.3203233,39.8885328,11,20080205,199.1035383,2/5/2008 11:59,8.106
1145,146717_11_20080205,146717,116.3202222,39.8885614,116.3203233,39.8885328,11,20080205,9.211941483,2/5/2008 11:59,0.375
1200,102451_11_20080205,102451,116.3440211,39.8878793,116.3441776,39.8878549,11,20080205,13.65737867,2/5/2008 12:14,0.38
1200,81833_11_20080205,81833,116.3504594,39.9058232,116.3503734,39.9070614,11,20080205,137.6773951,2/5/2008 12:14,3.834
1200,81826_11_20080205,81826,116.3503717,39.9145814,116.3504649,39.9114309,11,20080205,349.9000982,2/5/2008 12:14,9.745
1200,108332_11_20080205,108332,116.349601,39.9504024,116.349171,39.9503419,11,20080205,37.35489873,2/5/2008 12:14,1.04
1215,84515_11_20080205,84515,116.3502368,39.9444511,116.3501458,39.9476852,11,20080205,359.1779567,2/5/2008 12:29,6.607
1215,171688_11_20080205,171688,116.3497914,39.9429589,116.349735,39.9427552,11,20080205,23.12546441,2/5/2008 12:29,0.425
1215,85109_11_20080205,85109,116.3261861,39.9368871,116.3274075,39.9367989,11,20080205,104.8544132,2/5/2008 12:29,1.929
1215,279259_11_20080205,279259,116.3230602,39.9371432,116.3239701,39.9370543,11,20080205,78.39503042,2/5/2008 12:29,1.442
1215,81553_11_20080205,81553,116.319508,39.9372569,116.3195219,39.935997,11,20080205,139.8960444,2/5/2008 12:29,2.573
1215,163453_11_20080205,163453,116.3193609,39.9334987,116.3194456,39.9325105,11,20080205,109.9617486,2/5/2008 12:29,2.023
1230,266377_11_20080205,266377,116.3085335,39.9336758,116.3065551,39.9336878,11,20080205,169.1117775,2/5/2008 12:44,2.326
1230,9915_11_20080205,9915,116.3042109,39.9228303,116.3041926,39.9249373,11,20080205,233.9521203,2/5/2008 12:44,3.218
1230,10868_11_20080205,10868,116.2986664,39.9226283,116.3023611,39.922708,11,20080205,315.9842428,2/5/2008 12:44,4.346
1230,22440_11_20080205,22440,116.2788069,39.9231991,116.2788071,39.9265459,11,20080205,371.6058779,2/5/2008 12:44,5.111
1245,334297_11_20080205,334297,116.2773227,39.9064742,116.2749816,39.9064749,11,20080205,200.1880471,2/5/2008 12:59,2.18
1245,74825_11_20080205,74825,116.2707105,39.9060619,116.2709068,39.9060644,11,20080205,16.78805628,2/5/2008 12:59,0.183
1245,76091_11_20080205,76091,116.2676908,39.9088661,116.2676737,39.9064885,11,20080205,263.9957747,2/5/2008 12:59,2.875
1245,9165_11_20080205,9165,116.2681404,39.898355,116.268144,39.9030505,11,20080205,521.354251,2/5/2008 12:59,5.677
1245,14965_11_20080205,14965,116.2727517,39.8989625,116.268364,39.8989659,11,20080205,375.2344521,2/5/2008 12:59,4.086
1315,111634_11_20080205,111634,116.2678698,39.9408032,116.2678535,39.9399378,11,20080205,96.09847803,2/5/2008 13:29,2.36
1315,93899_11_20080205,93899,116.2693968,39.9497238,116.269697,39.9514411,11,20080205,192.3961205,2/5/2008 13:29,4.724
1315,93937_11_20080205,93937,116.2928365,39.9834635,116.2936802,39.9835573,11,20080205,72.81284598,2/5/2008 13:29,1.788
1315,66213_11_20080205,66213,116.3050943,39.9839075,116.306092,39.983813,11,20080205,85.86105595,2/5/2008 13:29,2.108
1315,84039_11_20080205,84039,116.3095624,39.9775148,116.3076468,39.9774775,11,20080205,163.6865605,2/5/2008 13:29,4.019
1330,171771_11_20080205,171771,116.3030118,39.9743855,116.3051849,39.9744559,11,20080205,185.8031136,2/5/2008 13:44,5.632
1330,9520_11_20080205,9520,116.3018201,39.9620826,116.3019996,39.9612241,11,20080205,96.54850816,2/5/2008 13:44,2.927
1330,22153_11_20080205,22153,116.3018953,39.9609253,116.3019089,39.9607688,11,20080205,17.41561183,2/5/2008 13:44,0.528
1330,148373_11_20080205,148373,116.303786,39.9403995,116.3037868,39.9401923,11,20080205,23.00623979,2/5/2008 13:44,0.697
1330,148394_11_20080205,148394,116.3040353,39.935101,116.3040461,39.9335514,11,20080205,172.0597878,2/5/2008 13:44,5.216
1345,240151_11_20080205,240151,116.3038211,39.9178848,116.3039178,39.9178883,11,20080205,8.276564762,2/5/2008 13:59,0.161
1345,113583_11_20080205,113583,116.3042747,39.9126121,116.3042664,39.9130824,11,20080205,52.22362229,2/5/2008 13:59,1.013
1345,121915_11_20080205,121915,116.3107057,39.9061319,116.3149469,39.9060823,11,20080205,362.709796,2/5/2008 13:59,7.036
1345,85907_11_20080205,85907,116.3153759,39.9060773,116.3182958,39.9060461,11,20080205,249.7068909,2/5/2008 13:59,4.844
1345,21880_11_20080205,21880,116.3452783,39.9039269,116.3464511,39.9039295,11,20080205,100.2905422,2/5/2008 13:59,1.946
1630,21879_11_20080205,21879,116.3400413,39.9039691,116.3452783,39.9039269,11,20080205,447.8581081,2/5/2008 16:44,7.458
1630,21882_11_20080205,21882,116.3400247,39.9025138,116.3400413,39.9039691,11,20080205,161.5922308,2/5/2008 16:44,2.691
1630,94846_11_20080205,94846,116.3292618,39.9045348,116.3292373,39.9034623,11,20080205,119.1010937,2/5/2008 16:44,1.983
1630,94281_11_20080205,94281,116.3090512,39.906142,116.3107057,39.9061319,11,20080205,141.4818375,2/5/2008 16:44,2.356
1630,156385_11_20080205,156385,116.3073571,39.9065422,116.3070197,39.9066372,11,20080205,30.71887465,2/5/2008 16:44,0.512
1645,21929_11_20080205,21929,116.3105604,39.9268078,116.3043874,39.9267943,11,20080205,527.7008368,2/5/2008 16:59,10.984
1645,113646_11_20080205,113646,116.3043977,39.9261984,116.3043874,39.9267943,11,20080205,66.17055442,2/5/2008 16:59,1.377
1645,163485_11_20080205,163485,116.2921095,39.9227901,116.292025,39.9227923,11,20080205,7.228001883,2/5/2008 16:59,0.15
1645,283423_11_20080205,283423,116.2960451,39.9130933,116.2960417,39.9120165,11,20080205,119.5606368,2/5/2008 16:59,2.489
1700,173499_11_20080205,173499,116.3062604,39.9074966,116.3064176,39.9074153,11,20080205,16.19179019,2/5/2008 17:14,6.23
1700,129227_11_20080205,129227,116.305192,39.8967076,116.3051715,39.8969123,11,20080205,22.79590149,2/5/2008 17:14,8.77
1715,234823_11_20080205,234823,116.3062689,39.8981317,116.3045889,39.8978164,11,20080205,147.8786565,2/5/2008 17:29,3.076
1715,94324_11_20080205,94324,116.2887834,39.8971494,116.2887862,39.8974827,11,20080205,37.00796027,2/5/2008 17:29,0.77
1715,94320_11_20080205,94320,116.289224,39.8971473,116.2892213,39.8968074,11,20080205,37.74070529,2/5/2008 17:29,0.785
1715,334290_11_20080205,334290,116.2856363,39.9064696,116.2845416,39.9064588,11,20080205,93.6157586,2/5/2008 17:29,1.947
1715,334291_11_20080205,334291,116.2845416,39.9064588,116.2828883,39.9064638,11,20080205,141.3752035,2/5/2008 17:29,2.941
1715,111605_11_20080205,111605,116.2677308,39.9015985,116.2676992,39.8992251,11,20080205,263.5389116,2/5/2008 17:29,5.482
1730,111605_11_20080205,111605,116.2677308,39.9015985,116.2676992,39.8992251,11,20080205,263.5389116,2/5/2008 17:44,3.593
1730,13929_11_20080205,13929,116.2715516,39.873601,116.2718317,39.8738966,11,20080205,40.6379414,2/5/2008 17:44,0.554
1730,13955_11_20080205,13955,116.2735893,39.8706323,116.2750664,39.8684378,11,20080205,274.4828488,2/5/2008 17:44,3.742
1730,24428_11_20080205,24428,116.2798624,39.8393203,116.2804238,39.8366091,11,20080205,304.8399024,2/5/2008 17:44,4.156
1730,130638_11_20080205,130638,116.2838654,39.8352802,116.2813497,39.8350526,11,20080205,216.8186964,2/5/2008 17:44,2.956
1745,99030_11_20080205,99030,116.2775891,39.8522447,116.2774231,39.8524931,11,20080205,31.02385084,2/5/2008 17:59,2.788
1745,13908_11_20080205,13908,116.2762135,39.8653848,116.2758703,39.8649586,11,20080205,55.69241901,2/5/2008 17:59,5.004
1745,99096_11_20080205,99096,116.2748453,39.8641606,116.274604,39.8641079,11,20080205,21.4594776,2/5/2008 17:59,1.928
1745,144980_11_20080205,144980,116.2782797,39.8627279,116.2787814,39.8630893,11,20080205,58.76186203,2/5/2008 17:59,5.28
1800,111754_11_20080205,111754,116.2705105,39.8787622,116.2702636,39.8793961,11,20080205,73.4840946,2/5/2008 18:14,1.462
1800,9164_11_20080205,9164,116.2681463,39.8971539,116.2681404,39.898355,11,20080205,133.3622925,2/5/2008 18:14,2.653
1800,9165_11_20080205,9165,116.2681404,39.898355,116.268144,39.9030505,11,20080205,521.354251,2/5/2008 18:14,10.372
1800,181623_11_20080205,181623,116.2683339,39.9023523,116.2683321,39.9025845,11,20080205,25.78226611,2/5/2008 18:14,0.513
1815,181626_11_20080205,181626,116.2683261,39.9033619,116.2683467,39.9059433,11,20080205,286.6254852,2/5/2008 18:25,3.121
1815,111065_11_20080205,111065,116.2749855,39.9061399,116.277324,39.9061398,11,20080205,199.9666788,2/5/2008 18:25,2.177
1815,121932_11_20080205,121932,116.2798029,39.9061455,116.2868086,39.9061603,11,20080205,599.064171,2/5/2008 18:25,6.522
1815,173546_11_20080205,173546,116.2995281,39.9062615,116.2961125,39.9062645,11,20080205,292.0698774,2/5/2008 18:25,3.18
1830,94325_11_20080205,94325,116.2887862,39.8974827,116.288744,39.8974829,11,20080205,3.609058228,2/5/2008 18:40,0.067
1830,121949_11_20080205,121949,116.2889463,39.8989467,116.2889062,39.8959541,11,20080205,332.2940426,2/5/2008 18:40,6.124
1830,121940_11_20080205,121940,116.2773223,39.9062716,116.2749843,39.9062764,11,20080205,199.9242436,2/5/2008 18:40,3.684
1830,111661_11_20080205,111661,116.2690625,39.9319864,116.2689232,39.932943,11,20080205,106.879815,2/5/2008 18:40,1.97
1830,111673_11_20080205,111673,116.2683745,39.9359617,116.2683048,39.937503,11,20080205,171.2394662,2/5/2008 18:40,3.156
1845,284493_11_20080205,284493,116.257081,39.9719989,116.2581836,39.9706799,11,20080205,174.1303731,2/5/2008 18:55,4.618
1845,6728_11_20080205,6728,116.2564672,39.9722175,116.2563761,39.9722146,11,20080205,7.78916055,2/5/2008 18:55,0.207
1845,128583_11_20080205,128583,116.2232485,39.9718383,116.2266386,39.9718409,11,20080205,289.6127409,2/5/2008 18:55,7.681
1845,22339_11_20080205,22339,116.2232479,39.9717653,116.2232485,39.9718383,11,20080205,8.10565069,2/5/2008 18:55,0.215
1845,156864_11_20080205,156864,116.2010287,39.9813104,116.2010356,39.9808653,11,20080205,49.42486741,2/5/2008 18:55,1.311
1845,173175_11_20080205,173175,116.2008776,39.9825798,116.2008558,39.9822511,11,20080205,36.54444235,2/5/2008 18:55,0.969
1900,173134_11_20080205,173134,116.2016396,39.9698832,116.2016069,39.9690124,11,20080205,96.72879623,2/5/2008 19:05,3.324
1900,173075_11_20080205,173075,116.2015733,39.9665672,116.2016245,39.966936,11,20080205,41.18230704,2/5/2008 19:05,1.415
1900,53195_11_20080205,53195,116.2085333,39.9470616,116.2072431,39.9449996,11,20080205,254.1187906,2/5/2008 19:05,8.734
1900,173110_11_20080205,173110,116.2060684,39.942468,116.2059717,39.942075,11,20080205,44.41191008,2/5/2008 19:05,1.526
2015,254269_11_20080205,254269,116.2940862,39.8618581,116.2987628,39.861912,11,20080205,400.2010812,2/5/2008 20:17,7.564
2015,98899_11_20080205,98899,116.2942301,39.8567129,116.2896488,39.8564102,11,20080205,393.4702607,2/5/2008 20:17,7.436
2045,94335_11_20080205,94335,116.2990611,39.8954959,116.3006588,39.895511,11,20080205,136.6517916,2/5/2008 20:59,2.662
2045,90008_11_20080205,90008,116.3139755,39.8955396,116.3167513,39.8955443,11,20080205,237.3976321,2/5/2008 20:59,4.625
2045,586_11_20080205,586,116.3230845,39.8959802,116.3230177,39.8977292,11,20080205,194.280119,2/5/2008 20:59,3.785
2045,52367_11_20080205,52367,116.3283231,39.9013222,116.3259657,39.9013226,11,20080205,201.5969529,2/5/2008 20:59,3.928
2100,99480_11_20080205,99480,116.3342217,39.9012089,116.3362509,39.9011761,11,20080205,173.5689232,2/5/2008 21:14,9.382
2100,22301_11_20080205,22301,116.3421744,39.8982241,116.3412421,39.8982223,11,20080205,79.73101387,2/5/2008 21:14,4.31
2100,262544_11_20080205,262544,116.3422242,39.897829,116.3422083,39.8980467,11,20080205,24.21002931,2/5/2008 21:14,1.309
2115,99436_11_20080205,99436,116.3418646,39.8977331,116.3422527,39.8977422,11,20080205,33.20611656,2/5/2008 21:26,2.875
2115,21878_11_20080205,21878,116.3452846,39.9026658,116.3452783,39.9039269,11,20080205,140.0244687,2/5/2008 21:26,12.125
2200,21878_11_20080205,21878,116.3452846,39.9026658,116.3452783,39.9039269,11,20080205,140.0244687,2/5/2008 22:13,4.371
2200,208158_11_20080205,208158,116.3329635,39.9018407,116.3355516,39.9017796,11,20080205,221.4280196,2/5/2008 22:13,6.912
2200,94846_11_20080205,94846,116.3292618,39.9045348,116.3292373,39.9034623,11,20080205,119.1010937,2/5/2008 22:13,3.718
2215,125182_11_20080205,125182,116.3182958,39.9060461,116.3182914,39.9059104,11,20080205,15.07185147,2/5/2008 22:28,0.444
2215,10962_11_20080205,10962,116.3150712,39.9062164,116.3150804,39.9060814,11,20080205,15.01006197,2/5/2008 22:28,0.442
2215,283429_11_20080205,283429,116.2960152,39.9090267,116.2960153,39.9088822,11,20080205,16.04425393,2/5/2008 22:28,0.473
2215,283426_11_20080205,283426,116.2959666,39.9117361,116.295971,39.9110948,11,20080205,71.20641234,2/5/2008 22:28,2.098
2215,121439_11_20080205,121439,116.3149034,39.9097455,116.3148967,39.9065158,11,20080205,358.6033102,2/5/2008 22:28,10.567
2215,131549_11_20080205,131549,116.3154704,39.906214,116.315548,39.9065059,11,20080205,33.0827811,2/5/2008 22:28,0.975
1130,52367_11_20080206,52367,116.3283231,39.9013222,116.3259657,39.9013226,11,20080206,201.5969529,2/6/2008 11:43,10.96
1130,52274_11_20080206,52274,116.32865,39.9016841,116.329405,39.9020155,11,20080206,74.31385147,2/6/2008 11:43,4.04
1145,21880_11_20080206,21880,116.3452783,39.9039269,116.3464511,39.9039295,11,20080206,100.2905422,2/6/2008 11:58,5.223
1145,21883_11_20080206,21883,116.3400413,39.9039691,116.3400495,39.9050651,11,20080206,121.693967,2/6/2008 11:58,6.338
1145,145826_11_20080206,145826,116.3745143,39.9060279,116.3737423,39.9060144,11,20080206,66.03135902,2/6/2008 11:58,3.439
1200,130370_11_20080206,130370,116.4002588,39.9064456,116.4005353,39.906463,11,20080206,23.72239097,2/6/2008 12:13,1.085
1200,81271_11_20080206,81271,116.4002588,39.9064456,116.4002708,39.9062763,11,20080206,18.82584438,2/6/2008 12:13,0.861
1200,16701_11_20080206,16701,116.4127926,39.8918342,116.4128246,39.8922192,11,20080206,42.8350595,2/6/2008 12:13,1.96
1200,60169_11_20080206,60169,116.4217353,39.8919483,116.4245685,39.8920188,11,20080206,242.4450575,2/6/2008 12:13,11.093
1215,16579_11_20080206,16579,116.393236,39.8901829,116.3948587,39.8904972,11,20080206,143.1101179,2/6/2008 12:29,3.923
1215,16580_11_20080206,16580,116.3920943,39.8900234,116.3905844,39.8896141,11,20080206,136.9060392,2/6/2008 12:29,3.753
1215,49312_11_20080206,49312,116.3697536,39.8881698,116.369751,39.8880512,11,20080206,13.17033015,2/6/2008 12:29,0.361
1215,87642_11_20080206,87642,116.369751,39.8880512,116.3683788,39.8880581,11,20080206,117.3710745,2/6/2008 12:29,3.217
1215,102497_11_20080206,102497,116.3598453,39.8850825,116.3602094,39.8851011,11,20080206,31.21235499,2/6/2008 12:29,0.856
1215,102498_11_20080206,102498,116.3602094,39.8851011,116.3614307,39.8852291,11,20080206,105.4283275,2/6/2008 12:29,2.89
1230,124417_11_20080206,124417,116.3470161,39.8844144,116.3472509,39.8844725,11,20080206,21.09482577,2/6/2008 12:44,0.603
1230,13726_11_20080206,13726,116.3472509,39.8844725,116.3472005,39.8851434,11,20080206,74.61629305,2/6/2008 12:44,2.132
1230,57770_11_20080206,57770,116.344819,39.8879036,116.3470482,39.8879118,11,20080206,190.6730556,2/6/2008 12:44,5.448
1230,188369_11_20080206,188369,116.3298318,39.8884912,116.3326203,39.8884276,11,20080206,238.612274,2/6/2008 12:44,6.818
1245,131620_11_20080206,131620,116.3103416,39.8865392,116.3102017,39.8865493,11,20080206,12.01873479,2/6/2008 12:59,0.301
1245,24689_11_20080206,24689,116.3103416,39.8865392,116.3103407,39.8875386,11,20080206,110.9658698,2/6/2008 12:59,2.775
1245,57743_11_20080206,57743,116.3374564,39.8885159,116.3361186,39.8885686,11,20080206,114.5749386,2/6/2008 12:59,2.866
1245,57735_11_20080206,57735,116.3374146,39.8880136,116.339162,39.8880582,11,20080206,149.5426639,2/6/2008 12:59,3.74
1245,102425_11_20080206,102425,116.3649753,39.8876786,116.3657478,39.8876804,11,20080206,66.07501273,2/6/2008 12:59,1.653
1245,102417_11_20080206,102417,116.3664428,39.887816,116.3681544,39.88776,11,20080206,146.5310701,2/6/2008 12:59,3.665
1300,85669_11_20080206,85669,116.3839031,39.8819654,116.385385,39.8819849,11,20080206,126.781244,2/6/2008 13:14,3.445
1300,23972_11_20080206,23972,116.3839031,39.8819654,116.3839534,39.8812652,11,20080206,77.86383048,2/6/2008 13:14,2.116
1300,23968_11_20080206,23968,116.3839031,39.8819654,116.3837468,39.8831961,11,20080206,137.3000581,2/6/2008 13:14,3.731
1300,87597_11_20080206,87597,116.3708307,39.8879937,116.3702011,39.8879234,11,20080206,54.41449273,2/6/2008 13:14,1.479
1300,16592_11_20080206,16592,116.3702011,39.8879234,116.3683812,39.8879448,11,20080206,155.6801672,2/6/2008 13:14,4.23
1315,81414_11_20080206,81414,116.3572485,39.8963748,116.3572324,39.8973574,11,20080206,109.1093714,2/6/2008 13:29,2.812
1315,81415_11_20080206,81415,116.3572324,39.8973574,116.3572333,39.8978273,11,20080206,52.17430617,2/6/2008 13:29,1.345
1315,87094_11_20080206,87094,116.3350399,39.8961693,116.3376527,39.8962835,11,20080206,223.813923,2/6/2008 13:29,5.768
1315,24731_11_20080206,24731,116.3005234,39.8886457,116.3013902,39.8886012,11,20080206,74.3039722,2/6/2008 13:29,1.915
1315,203084_11_20080206,203084,116.3000728,39.8886517,116.3001855,39.8875509,11,20080206,122.604091,2/6/2008 13:29,3.16
1330,329917_11_20080206,329917,116.291307,39.8792128,116.2913106,39.8795151,11,20080206,33.56648159,2/6/2008 13:42,3.498
1330,61589_11_20080206,61589,116.2900448,39.8789547,116.2900857,39.8787767,11,20080206,20.07105236,2/6/2008 13:42,2.091
1330,24595_11_20080206,24595,116.2939634,39.8632597,116.2940696,39.8624504,11,20080206,90.31648424,2/6/2008 13:42,9.411
1400,99204_11_20080206,99204,116.2958763,39.8652062,116.301369,39.8655705,11,20080206,471.700039,2/6/2008 14:14,5.123
1400,99235_11_20080206,99235,116.3003448,39.8658984,116.2983707,39.8657715,11,20080206,169.4921381,2/6/2008 14:14,1.841
1400,10985_11_20080206,10985,116.3080319,39.8954646,116.3088299,39.8955021,11,20080206,68.37497131,2/6/2008 14:14,0.743
1400,121842_11_20080206,121842,116.312675,39.8958413,116.3071789,39.8958244,11,20080206,470.0493024,2/6/2008 14:14,5.105
1400,52367_11_20080206,52367,116.3283231,39.9013222,116.3259657,39.9013226,11,20080206,201.5969529,2/6/2008 14:14,2.189
1415,208158_11_20080206,208158,116.3329635,39.9018407,116.3355516,39.9017796,11,20080206,221.4280196,2/6/2008 14:26,7.476
1415,99462_11_20080206,99462,116.3355516,39.9017796,116.3365204,39.9017785,11,20080206,82.84806949,2/6/2008 14:26,2.797
1415,21878_11_20080206,21878,116.3452846,39.9026658,116.3452783,39.9039269,11,20080206,140.0244687,2/6/2008 14:26,4.727
1530,131682_11_20080206,131682,116.3318909,39.896004,116.3350399,39.8961693,11,20080206,269.9371009,2/6/2008 15:43,9.905
1530,84731_11_20080206,84731,116.33317,39.8972638,116.3331937,39.8963467,11,20080206,101.8482137,2/6/2008 15:43,3.737
1530,94324_11_20080206,94324,116.2887834,39.8971494,116.2887862,39.8974827,11,20080206,37.00796027,2/6/2008 15:43,1.358
1545,111860_11_20080206,111860,116.2889179,39.8955648,116.2889507,39.8898639,11,20080206,632.9918034,2/6/2008 15:58,11.666
1545,24748_11_20080206,24748,116.2889507,39.8898639,116.289047,39.8898653,11,20080206,8.238059265,2/6/2008 15:58,0.152
1545,111861_11_20080206,111861,116.2889507,39.8898639,116.2889594,39.8883087,11,20080206,172.6793503,2/6/2008 15:58,3.182
1600,190760_11_20080206,190760,116.2883148,39.867565,116.2880918,39.8650137,11,20080206,283.9179374,2/6/2008 16:14,14.531
1600,98888_11_20080206,98888,116.2880069,39.8563017,116.2879003,39.8562941,11,20080206,9.160949805,2/6/2008 16:14,0.469
1630,190765_11_20080206,190765,116.2890579,39.8854664,116.28905,39.8883082,11,20080206,315.5327674,2/6/2008 16:33,11.75
1630,94330_11_20080206,94330,116.2898388,39.89553,116.2908592,39.8955316,11,20080206,87.26871523,2/6/2008 16:33,3.25
1700,182076_11_20080206,182076,116.1695077,39.9223425,116.1690132,39.9223382,11,20080206,42.27775606,2/6/2008 17:14,5.973
1700,182050_11_20080206,182050,116.1263509,39.9332398,116.1262531,39.9338103,11,20080206,63.89375519,2/6/2008 17:14,9.027
1745,148648_11_20080206,148648,116.1297049,39.9447128,116.1306388,39.9447935,11,20080206,80.31495868,2/6/2008 17:59,2.904
1745,148609_11_20080206,148609,116.1387989,39.9386287,116.1365865,39.9394283,11,20080206,208.8984923,2/6/2008 17:59,7.554
1745,148594_11_20080206,148594,116.1538566,39.9273242,116.1536181,39.9278067,11,20080206,57.32182895,2/6/2008 17:59,2.073
1745,91986_11_20080206,91986,116.1630003,39.9230189,116.1633747,39.9230164,11,20080206,32.00853741,2/6/2008 17:59,1.157
1745,134700_11_20080206,134700,116.1861778,39.9235592,116.1862122,39.9232335,11,20080206,36.28287712,2/6/2008 17:59,1.312
1800,207136_11_20080206,207136,116.191279,39.9232463,116.191181,39.9231307,11,20080206,15.32769146,2/6/2008 18:11,0.557
1800,94192_11_20080206,94192,116.2267646,39.9152583,116.2266965,39.9154633,11,20080206,23.49466306,2/6/2008 18:11,0.854
1800,122177_11_20080206,122177,116.2298021,39.8974515,116.2297894,39.8977114,11,20080206,28.87782169,2/6/2008 18:11,1.05
1800,177389_11_20080206,177389,116.2426781,39.8955315,116.2467109,39.8955269,11,20080206,344.90096,2/6/2008 18:11,12.539
1900,181613_11_20080206,181613,116.2939976,39.8958029,116.2910609,39.8958104,11,20080206,251.1582578,2/6/2008 19:13,11.753
1900,99382_11_20080206,99382,116.3363077,39.8960874,116.3369895,39.8961104,11,20080206,58.36557375,2/6/2008 19:13,2.731
1900,88220_11_20080206,88220,116.336336,39.8964873,116.3362072,39.8964831,11,20080206,11.02514271,2/6/2008 19:13,0.516
245,99462_11_20080207,99462,116.3355516,39.9017796,116.3365204,39.9017785,11,20080207,82.84806949,2/7/2008 2:57,6.225
245,88178_11_20080207,88178,116.3362072,39.8964831,116.3362277,39.8960834,11,20080207,44.4143629,2/7/2008 2:57,3.337
245,181581_11_20080207,181581,116.2990256,39.8959992,116.2983034,39.8959922,11,20080207,61.76979563,2/7/2008 2:57,4.641
245,181589_11_20080207,181589,116.2899637,39.8959414,116.2898396,39.8959421,11,20080207,10.61368929,2/7/2008 2:57,0.797
300,94921_11_20080207,94921,116.3262314,39.8958692,116.3241015,39.8958251,11,20080207,182.2222061,2/7/2008 3:12,9.604
300,88178_11_20080207,88178,116.3362072,39.8964831,116.3362277,39.8960834,11,20080207,44.4143629,2/7/2008 3:12,2.341
300,88185_11_20080207,88185,116.3364891,39.9016773,116.3363819,39.9012626,11,20080207,46.94898801,2/7/2008 3:12,2.474
300,88220_11_20080207,88220,116.336336,39.8964873,116.3362072,39.8964831,11,20080207,11.02514271,2/7/2008 3:12,0.581
315,317889_11_20080207,317889,116.2983034,39.8959922,116.2983226,39.8979224,11,20080207,214.3215171,2/7/2008 3:27,3.53
315,17560_11_20080207,17560,116.2960274,39.8959752,116.2960446,39.8997681,11,20080207,421.1383852,2/7/2008 3:27,6.936
315,80882_11_20080207,80882,116.3227718,39.9037387,116.3227968,39.9012597,11,20080207,275.258513,2/7/2008 3:27,4.534
1100,21900_11_20080207,21900,116.3282385,39.9040563,116.3283244,39.9036349,11,20080207,47.36230869,2/7/2008 11:11,8.373
1100,94853_11_20080207,94853,116.3306075,39.9020704,116.3310164,39.9019487,11,20080207,37.48749561,2/7/2008 11:11,6.627
1130,21882_11_20080207,21882,116.3400247,39.9025138,116.3400413,39.9039691,11,20080207,161.5922308,2/7/2008 11:43,5.425
1130,11293_11_20080207,11293,116.3367442,39.9017774,116.3366428,39.9017774,11,20080207,8.671297008,2/7/2008 11:43,0.291
1130,90608_11_20080207,90608,116.3291881,39.9063782,116.3291239,39.9063794,11,20080207,5.491360552,2/7/2008 11:43,0.184
1130,121917_11_20080207,121917,116.3107059,39.9062558,116.3090233,39.9062577,11,20080207,143.8801467,2/7/2008 11:43,4.83
1130,86366_11_20080207,86366,116.3041436,39.8991451,116.3041972,39.8980002,11,20080207,127.2039376,2/7/2008 11:43,4.27
1145,317889_11_20080207,317889,116.2983034,39.8959922,116.2983226,39.8979224,11,20080207,214.3215171,2/7/2008 11:58,5.273
1145,181583_11_20080207,181583,116.2977741,39.895987,116.2960274,39.8959752,11,20080207,149.389273,2/7/2008 11:58,3.675
1145,121935_11_20080207,121935,116.2960873,39.9061554,116.2982366,39.9061484,11,20080207,183.7896728,2/7/2008 11:58,4.521
1145,173482_11_20080207,173482,116.3051831,39.9063524,116.3059108,39.9063513,11,20080207,62.22603537,2/7/2008 11:58,1.531
1200,334262_11_20080207,334262,116.2961289,39.910389,116.2961348,39.9117356,11,20080207,149.5177864,2/7/2008 12:14,9.249
1200,283501_11_20080207,283501,116.2961289,39.910389,116.2967847,39.9103854,11,20080207,56.07585247,2/7/2008 12:14,3.469
1200,283427_11_20080207,283427,116.295971,39.9110948,116.2960136,39.9107642,11,20080207,36.88776319,2/7/2008 12:14,2.282
1215,334310_11_20080207,334310,116.2960176,39.9062647,116.289111,39.9062841,11,20080207,590.5906973,2/7/2008 12:29,10.662
1215,121936_11_20080207,121936,116.2796786,39.9062749,116.2774504,39.9062729,11,20080207,190.5346107,2/7/2008 12:29,3.44
1215,334303_11_20080207,334303,116.263484,39.9064859,116.2629024,39.9064795,11,20080207,49.73782851,2/7/2008 12:29,0.898
1230,330621_11_20080207,330621,116.2445935,39.9067482,116.2445881,39.9063807,11,20080207,40.80718036,2/7/2008 12:44,7.149
1230,66589_11_20080207,66589,116.2302432,39.9063415,116.2300998,39.9063409,11,20080207,12.26232589,2/7/2008 12:44,2.148
1230,66565_11_20080207,66565,116.2150457,39.9062034,116.2150454,39.9061107,11,20080207,10.29277528,2/7/2008 12:44,1.803
1230,330619_11_20080207,330619,116.2055332,39.9062018,116.2052729,39.9062025,11,20080207,22.25854034,2/7/2008 12:44,3.899
1645,171461_11_20080207,171461,116.1882262,39.9060965,116.1908022,39.9060929,11,20080207,220.2759675,2/7/2008 16:54,4.703
1645,66497_11_20080207,66497,116.1835468,39.9061055,116.1835474,39.9061702,11,20080207,7.184007268,2/7/2008 16:54,0.153
1645,36944_11_20080207,36944,116.1829662,39.913926,116.1829858,39.909647,11,20080207,475.1128967,2/7/2008 16:54,10.144
1800,94075_11_20080207,94075,116.1829662,39.913926,116.18607,39.9139234,11,20080207,265.3781018,2/7/2008 18:13,5.341
1800,25293_11_20080207,25293,116.2004368,39.9124909,116.2004594,39.9128682,11,20080207,41.93727614,2/7/2008 18:13,0.844
1800,25305_11_20080207,25305,116.2008567,39.9211489,116.2008657,39.9220527,11,20080207,100.3546892,2/7/2008 18:13,2.02
1800,10816_11_20080207,10816,116.2212024,39.9235034,116.2216708,39.923503,11,20080207,40.04310486,2/7/2008 18:13,0.806
1800,94184_11_20080207,94184,116.2277154,39.9111268,116.2275121,39.9119547,11,20080207,93.553296,2/7/2008 18:13,1.883
1800,177303_11_20080207,177303,116.2294954,39.9045043,116.2294909,39.9026668,11,20080207,204.0230968,2/7/2008 18:13,4.106
1815,122049_11_20080207,122049,116.2316131,39.8956459,116.236158,39.8956507,11,20080207,388.6970379,2/7/2008 18:28,3.976
1815,111589_11_20080207,111589,116.2625644,39.8956841,116.2655866,39.895673,11,20080207,258.4725565,2/7/2008 18:28,2.644
1815,9178_11_20080207,9178,116.2910536,39.8956869,116.2958899,39.8956728,11,20080207,413.6210524,2/7/2008 18:28,4.231
1815,57664_11_20080207,57664,116.3272146,39.8957456,116.3292272,39.8958526,11,20080207,172.5341492,2/7/2008 18:28,1.765
1815,11277_11_20080207,11277,116.3362394,39.8979669,116.3361831,39.8991623,11,20080207,132.81577,2/7/2008 18:28,1.359
1815,21880_11_20080207,21880,116.3452783,39.9039269,116.3464511,39.9039295,11,20080207,100.2905422,2/7/2008 18:28,1.026
0,171655_11_20080208,171655,116.3437882,39.9016671,116.3437859,39.9017586,11,20080208,10.16139984,2/8/2008 0:10,2.187
0,249147_11_20080208,249147,116.3431108,39.9009244,116.3438068,39.9009326,11,20080208,59.52689165,2/8/2008 0:10,12.813
15,94902_11_20080208,94902,116.3373815,39.8980068,116.3362394,39.8979669,11,20080208,97.77371965,2/8/2008 0:27,2.365
15,57662_11_20080208,57662,116.3240971,39.895658,116.3262654,39.895686,11,20080208,185.4670375,2/8/2008 0:27,4.487
15,181582_11_20080208,181582,116.2983034,39.8959922,116.2977741,39.895987,11,20080208,45.27115277,2/8/2008 0:27,1.095
15,90811_11_20080208,90811,116.2939976,39.8958029,116.2935696,39.8959563,11,20080208,40.37272875,2/8/2008 0:27,0.977
15,181613_11_20080208,181613,116.2939976,39.8958029,116.2910609,39.8958104,11,20080208,251.1582578,2/8/2008 0:27,6.076
30,181509_11_20080208,181509,116.304603,39.8958824,116.3046019,39.8955537,11,20080208,36.49654648,2/8/2008 0:43,1.189
30,28907_11_20080208,28907,116.3065587,39.9069223,116.306446,39.9070569,11,20080208,17.78267117,2/8/2008 0:43,0.579
30,334251_11_20080208,334251,116.2999712,39.9117609,116.3011186,39.9117207,11,20080208,98.20842618,2/8/2008 0:43,3.2
30,86162_11_20080208,86162,116.3107011,39.9098286,116.3143001,39.9097574,11,20080208,307.8380466,2/8/2008 0:43,10.031
1215,21902_11_20080208,21902,116.3284875,39.9031081,116.3287879,39.9026604,11,20080208,55.95468289,2/8/2008 12:28,2.565
1215,21882_11_20080208,21882,116.3400247,39.9025138,116.3400413,39.9039691,11,20080208,161.5922308,2/8/2008 12:28,7.407
1215,21880_11_20080208,21880,116.3452783,39.9039269,116.3464511,39.9039295,11,20080208,100.2905422,2/8/2008 12:28,4.597
1215,94903_11_20080208,94903,116.3362394,39.8979669,116.3361294,39.8979628,11,20080208,9.418262111,2/8/2008 12:28,0.432
1230,94905_11_20080208,94905,116.3217413,39.8958424,116.3190247,39.8958352,11,20080208,232.3344206,2/8/2008 12:40,3.479
1230,112432_11_20080208,112432,116.3041972,39.8938498,116.3041981,39.8922053,11,20080208,182.59309,2/8/2008 12:40,2.734
1230,312902_11_20080208,312902,116.3047646,39.8786413,116.3049223,39.8774833,11,20080208,129.2811895,2/8/2008 12:40,1.936
1230,130552_11_20080208,130552,116.2955021,39.8654407,116.2929483,39.8652492,11,20080208,219.5386733,2/8/2008 12:40,3.287
1230,130553_11_20080208,130553,116.2929483,39.8652492,116.2901747,39.865073,11,20080208,238.1186525,2/8/2008 12:40,3.565
1245,281622_11_20080208,281622,116.3256362,39.8666643,116.3296935,39.8666993,11,20080208,347.1631,2/8/2008 12:58,6.014
1245,6102_11_20080208,6102,116.3565151,39.8675264,116.3595575,39.8679878,11,20080208,265.2961671,2/8/2008 12:58,4.595
1245,16799_11_20080208,16799,116.3676093,39.8687914,116.3694519,39.868907,11,20080208,158.1689812,2/8/2008 12:58,2.74
1245,60299_11_20080208,60299,116.3955706,39.8695604,116.3959164,39.8696063,11,20080208,30.02103885,2/8/2008 12:58,0.52
1245,86953_11_20080208,86953,116.3924679,39.8794946,116.3924997,39.8793265,11,20080208,18.86172623,2/8/2008 12:58,0.327
1245,20962_11_20080208,20962,116.3980972,39.8864759,116.3986285,39.8865618,11,20080208,46.43484365,2/8/2008 12:58,0.804
1300,205766_11_20080208,205766,116.4013597,39.8907364,116.4013461,39.8910685,11,20080208,36.8922476,2/8/2008 13:13,1.087
1300,20956_11_20080208,20956,116.3940858,39.8853592,116.395605,39.8857917,11,20080208,138.5358899,2/8/2008 13:13,4.081
1300,20954_11_20080208,20954,116.3929583,39.8851218,116.3935015,39.8852239,11,20080208,47.82651341,2/8/2008 13:13,1.409
1300,888_11_20080208,888,116.3881456,39.8848763,116.3869711,39.884952,11,20080208,100.8142473,2/8/2008 13:13,2.97
1300,85690_11_20080208,85690,116.3785313,39.8863459,116.3785952,39.8848176,11,20080208,169.7788727,2/8/2008 13:13,5.002
1300,88115_11_20080208,88115,116.3785521,39.8878989,116.3785487,39.8880369,11,20080208,15.32524177,2/8/2008 13:13,0.451
1315,87639_11_20080208,87639,116.3735489,39.8880781,116.3708307,39.8879937,11,20080208,232.6850263,2/8/2008 13:28,4.965
1315,85687_11_20080208,85687,116.3616483,39.8878789,116.3574921,39.8880232,11,20080208,355.8542399,2/8/2008 13:28,7.593
1315,102466_11_20080208,102466,116.3573297,39.8877219,116.357356,39.8867487,11,20080208,108.0802093,2/8/2008 13:28,2.306
1315,102521_11_20080208,102521,116.3573107,39.8881049,116.3573161,39.8880474,11,20080208,6.401053183,2/8/2008 13:28,0.137
1330,302675_11_20080208,302675,116.336267,39.8913262,116.3361248,39.8916369,11,20080208,36.57891737,2/8/2008 13:43,0.937
1330,88194_11_20080208,88194,116.3361294,39.8979628,116.3362072,39.8964831,11,20080208,164.429696,2/8/2008 13:43,4.213
1330,99362_11_20080208,99362,116.3400594,39.9058644,116.3445546,39.9058188,11,20080208,384.4225293,2/8/2008 13:43,9.85
1615,23901_11_20080208,23901,116.3465013,39.9017495,116.3464511,39.9039295,11,20080208,242.0894939,2/8/2008 16:20,6.402
1615,11287_11_20080208,11287,116.3465013,39.9017495,116.3437859,39.9017586,11,20080208,232.2126495,2/8/2008 16:20,6.141
1615,94897_11_20080208,94897,116.3399186,39.8982128,116.3388337,39.8981657,11,20080208,92.92850579,2/8/2008 16:20,2.457
1715,121868_11_20080208,121868,116.3363308,39.8965662,116.3362072,39.8964831,11,20080208,14.03106121,2/8/2008 17:28,0.928
1715,80868_11_20080208,80868,116.3229655,39.8959795,116.3229678,39.8955241,11,20080208,50.56464225,2/8/2008 17:28,3.343
1715,90124_11_20080208,90124,116.3040308,39.8914401,116.3040235,39.8905096,11,20080208,103.3176633,2/8/2008 17:28,6.83
1715,81599_11_20080208,81599,116.3062789,39.865657,116.3062882,39.8655735,11,20080208,9.305260387,2/8/2008 17:28,0.615
1715,98885_11_20080208,98885,116.310026,39.8572095,116.309791,39.8568003,11,20080208,49.68558073,2/8/2008 17:28,3.285
1730,98887_11_20080208,98887,116.3011933,39.8567491,116.3013615,39.8567503,11,20080208,14.39383226,2/8/2008 17:38,0.436
1730,21752_11_20080208,21752,116.311149,39.8566973,116.3104543,39.8566977,11,20080208,59.44695142,2/8/2008 17:38,1.803
1730,24478_11_20080208,24478,116.3130995,39.8468437,116.3147934,39.8468227,11,20080208,144.9900717,2/8/2008 17:38,4.396
1730,24476_11_20080208,24476,116.3072753,39.84652,116.3104485,39.8469561,11,20080208,275.8594664,2/8/2008 17:38,8.365
